at_iso;instance;rtt_ms;ok
2026-07-20T16:34:38.516Z;rekor;277.1;1
2026-07-20T16:34:38.854Z;stellar-rpc;647.2;1
2026-07-20T16:35:39.152Z;rekor;284.6;1
2026-07-20T16:35:39.508Z;stellar-rpc;643.1;1
2026-07-20T16:36:39.839Z;rekor;318.1;1
2026-07-20T16:36:40.207Z;stellar-rpc;687.5;1
2026-07-20T16:37:40.819Z;stellar-rpc;610.5;1
2026-07-20T16:37:40.882Z;rekor;672.2;1
2026-07-20T16:38:41.199Z;rekor;308.2;1
2026-07-20T16:38:41.378Z;stellar-rpc;489.1;1
2026-07-20T16:39:41.681Z;rekor;300.0;1
2026-07-20T16:39:41.854Z;stellar-rpc;473.9;1
2026-07-20T16:40:42.163Z;rekor;305.5;1
2026-07-20T16:40:42.339Z;stellar-rpc;483.3;1
2026-07-20T16:41:42.663Z;rekor;313.9;1
2026-07-20T16:41:43.016Z;stellar-rpc;668.4;1
2026-07-20T16:44:28.187524+00:00;stellar-rpc;601.3;1
2026-07-20T16:44:28.568866+00:00;rekor;381.1;1
2026-07-20T16:45:29.128568+00:00;stellar-rpc;559.6;1
2026-07-20T16:45:29.328734+00:00;rekor;199.9;1
2026-07-20T16:46:29.861243+00:00;stellar-rpc;532.2;1
2026-07-20T16:46:30.069685+00:00;rekor;208.2;1
2026-07-20T16:47:30.480176+00:00;stellar-rpc;410.1;1
2026-07-20T16:47:30.685945+00:00;rekor;205.4;1
2026-07-20T16:48:31.104641+00:00;stellar-rpc;418.5;1
2026-07-20T16:48:31.305051+00:00;rekor;200.2;1
2026-07-20T16:49:31.747976+00:00;stellar-rpc;442.7;1
2026-07-20T16:49:31.952132+00:00;rekor;203.7;1
2026-07-20T16:50:32.404511+00:00;stellar-rpc;452.0;1
2026-07-20T16:50:32.612961+00:00;rekor;208.0;1
2026-07-20T16:51:33.029750+00:00;stellar-rpc;416.4;1
2026-07-20T16:51:33.237650+00:00;rekor;207.6;1
2026-07-22T02:41:39.590303+00:00;stellar-rpc;1914.7;1
2026-07-22T02:41:40.436701+00:00;rekor;846.0;1
2026-07-22T02:42:40.730143+00:00;stellar-rpc;293.8;1
2026-07-22T02:42:40.936920+00:00;rekor;206.5;1
2026-07-22T02:43:41.342857+00:00;stellar-rpc;406.0;1
2026-07-22T02:43:41.544350+00:00;rekor;201.2;1
2026-07-22T02:44:41.949593+00:00;stellar-rpc;405.5;1
2026-07-22T02:44:42.153241+00:00;rekor;203.3;1
2026-07-22T02:45:43.813352+00:00;stellar-rpc;1660.2;1
2026-07-22T02:45:44.012735+00:00;rekor;199.0;1
2026-07-22T02:46:44.429609+00:00;stellar-rpc;417.1;1
2026-07-22T02:46:44.946310+00:00;rekor;516.3;1
2026-07-22T02:47:45.762008+00:00;stellar-rpc;815.7;1
2026-07-22T02:47:45.972194+00:00;rekor;209.8;1
2026-07-22T02:48:46.724545+00:00;stellar-rpc;752.4;1
2026-07-22T02:48:46.931343+00:00;rekor;206.4;1
2026-07-22T02:49:47.283669+00:00;stellar-rpc;352.4;1
2026-07-22T02:49:47.494051+00:00;rekor;210.0;1
2026-07-22T02:50:47.901317+00:00;stellar-rpc;407.4;1
2026-07-22T02:50:48.102539+00:00;rekor;200.7;1
