artifact_id;bytes;hash_ms_median;sign_ms_median;reps
01-raw;227371;0.0891;0.1044;50
02-clean;222067;0.0878;0.1030;50
03-agg-01;83;0.0004;0.0154;50
03-agg-02;84;0.0004;0.0153;50
03-agg-03;84;0.0004;0.0153;50
03-agg-04;84;0.0004;0.0153;50
03-agg-05;83;0.0004;0.0153;50
03-agg-06;82;0.0004;0.0153;50
03-agg-07;82;0.0005;0.0153;50
03-agg-08;82;0.0004;0.0154;50
03-agg-09;82;0.0004;0.0154;50
03-agg-10;83;0.0004;0.0154;50
03-agg-11;84;0.0004;0.0155;50
03-agg-12;84;0.0004;0.0155;50
15-features;9072;0.0040;0.0190;50
16-train;7267;0.0033;0.0181;50
17-test;1841;0.0012;0.0163;50
18-model;270;0.0005;0.0156;50
19-metrics;58;0.0005;0.0155;50
20-config;64;0.0005;0.0155;50
