window;op_seq;mechanism;artifact_id;submitted_at_iso;latency_ms;fee_stroops;pointer;status;note
1;1;soroban;01-raw;2026-07-20T16:44:36.276029+00:00;4582.3;10434;b8ea75ea55d4dda6afadcb8ea724615aa34bfc198395d89e45ea39f234d49580;SUCCESS;
1;2;classic;02-clean;2026-07-20T16:44:41.395436+00:00;4522.1;200;4b7dad952e5d085d6684c18cc5a6e7a75822f186596c3632b6dcd3b338c35eb3;SUCCESS;
1;3;control;03-agg-01;2026-07-20T16:44:46.254664+00:00;4.5;;offset=230;SUCCESS;
1;4;rekor;03-agg-02;2026-07-20T16:44:46.259308+00:00;667.4;;108e9186e8c5677a4ee247dd01278ebd2260a027c910f88f133c186f419b40fae62abd550affc349;SUCCESS;logIndex=2206940859
1;5;classic;03-agg-03;2026-07-20T16:44:46.931039+00:00;4180.7;200;9082a5ce45c718497192ca61c3ca05b5f4f66bd8309a49af5ec007487f1338f7;SUCCESS;
1;6;control;03-agg-04;2026-07-20T16:44:51.276261+00:00;2.6;;offset=460;SUCCESS;
1;7;soroban;03-agg-05;2026-07-20T16:44:51.279034+00:00;4688.4;10434;005bffa05cd51c07eda979e24c124a098363225057f1c56a265fb15bc6c06608;SUCCESS;
1;8;rekor;03-agg-06;2026-07-20T16:44:56.293912+00:00;421.7;;108e9186e8c5677ae2d2b3d9f381bfa763089ab788c1aaccbb2aaf8608beb523777b3405d5525da6;SUCCESS;logIndex=2206941068
1;9;control;03-agg-07;2026-07-20T16:44:56.716146+00:00;2.9;;offset=690;SUCCESS;
1;10;classic;03-agg-08;2026-07-20T16:44:56.719286+00:00;4471.0;200;a2174fec45acd6dc85370666bcf642bbd24716ef6df53f7b8f6a8a161ccd569c;SUCCESS;
1;11;soroban;03-agg-09;2026-07-20T16:45:01.413008+00:00;4843.9;10434;946f731569959f257117e2ffd6603e19314d4da4763fca790d86ec399ba5af93;SUCCESS;
1;12;rekor;03-agg-10;2026-07-20T16:45:06.587065+00:00;480.5;;108e9186e8c5677aeb828f4b2d6bd215fb2c887df06f583b5af704a3e81d6d1979b5f36c5b11c8a7;SUCCESS;logIndex=2206941302
1;13;control;03-agg-11;2026-07-20T16:45:07.067981+00:00;3.6;;offset=920;SUCCESS;
1;14;classic;03-agg-12;2026-07-20T16:45:07.071817+00:00;4096.9;200;6d589240a2b4c173584d3d4df1d675570a402d0300b7c0e9d7e80c05dd301123;SUCCESS;
1;15;soroban;15-features;2026-07-20T16:45:11.336529+00:00;4840.3;10434;90117ac871822ec8cb204ea2d17fcc971b4dc93373fe447ffd5012a88120e0bd;SUCCESS;
1;16;rekor;16-train;2026-07-20T16:45:16.561931+00:00;474.4;;108e9186e8c5677aa2f4864dcdab591c62d2cea228612057ee070236ccf946b37541c1d6ed1cd80e;SUCCESS;logIndex=2206941528
1;17;control;17-test;2026-07-20T16:45:17.036791+00:00;13.1;;offset=1150;SUCCESS;
1;18;soroban;18-model;2026-07-20T16:45:17.050062+00:00;4058.1;10434;32042b2ff259d76e7948363b75ecd4618c5e3b0118670d8bc802c2b47b7463b7;SUCCESS;
1;19;classic;19-metrics;2026-07-20T16:45:21.546385+00:00;4572.7;200;cd1b1a0765be7dbb2991baf942588a4a4cab9924cc66372544b0139de678db36;SUCCESS;
1;20;rekor;20-config;2026-07-20T16:45:26.275848+00:00;285.0;;108e9186e8c5677ad1fca2a55247f55e640d5d33ae0765bb35904cc8a060a919906cdea7d3483ce0;SUCCESS;logIndex=2206941701
1;21;soroban;01-raw;2026-07-20T16:45:26.561306+00:00;4714.5;10434;ce09f5d42a4471224ae0cd6f857ea81de13ab1f6f406c3e9377d67310dd1db2a;SUCCESS;
1;22;control;02-clean;2026-07-20T16:45:31.673127+00:00;2.5;;offset=1380;SUCCESS;
1;23;classic;03-agg-01;2026-07-20T16:45:31.675859+00:00;4859.2;200;57d19033dd1f04d16b097cda231f4b1d7849d679a7472bcbccfece86e6367ca0;SUCCESS;
1;24;rekor;03-agg-02;2026-07-20T16:45:36.692896+00:00;458.1;;108e9186e8c5677a778411bd47c874200bbf3b473288cb5a84b8ca725ba4c326dd05aab104111b0a;SUCCESS;logIndex=2206941837
1;25;soroban;03-agg-03;2026-07-20T16:45:37.151563+00:00;4010.3;10434;e9b5654e8903eda38142fa1f4f31b4023b1392c791c4ca73d1ce8baf6c145607;SUCCESS;
1;26;control;03-agg-04;2026-07-20T16:45:41.499403+00:00;11.1;;offset=1610;SUCCESS;
1;27;classic;03-agg-05;2026-07-20T16:45:41.510676+00:00;4942.0;200;db7995f4bd629774a28c8d52d89fe5e674d5c4e9e588ef829bfa62799fef5de8;SUCCESS;
1;28;rekor;03-agg-06;2026-07-20T16:45:46.611841+00:00;480.6;;108e9186e8c5677ab50c162b9a9b4146c9b074d4dd50735d134763d4df641a5787564956657a2c7e;SUCCESS;logIndex=2206942046
1;29;control;03-agg-07;2026-07-20T16:45:47.092844+00:00;2.5;;offset=1840;SUCCESS;
1;30;soroban;03-agg-08;2026-07-20T16:45:47.095612+00:00;4005.4;10434;f83be91810e42bbc9b69d3d0deafcbc2d31dcdec663ac31d2deadcccc87ba76a;SUCCESS;
1;31;classic;03-agg-09;2026-07-20T16:45:51.441941+00:00;4899.4;200;f9fd65cee9682bd73a3675e1e0d362e647d9eb2eb50ebd4600f184cbc1e56776;SUCCESS;
1;32;rekor;03-agg-10;2026-07-20T16:45:56.531729+00:00;284.5;;108e9186e8c5677a88898915543c66f10cafb99b7fda255ffb14e972e2cc85921592a7543825fd07;SUCCESS;logIndex=2206942181
1;33;classic;03-agg-11;2026-07-20T16:45:56.816629+00:00;4574.3;200;ea826cd0b4bc312903e7bb45becaf491ac0f90d1e8530f0e928c3348d2c611a2;SUCCESS;
1;34;soroban;03-agg-12;2026-07-20T16:46:01.550033+00:00;4830.3;10434;3d45b6cb5dd83936e416f62d6255f15c97018718b19df1639722331e6e624338;SUCCESS;
1;35;control;15-features;2026-07-20T16:46:06.707125+00:00;2.9;;offset=2070;SUCCESS;
1;36;rekor;16-train;2026-07-20T16:46:06.710196+00:00;443.8;;108e9186e8c5677a7ada9992bb6cd1871abcd568d9c3462e88d13f3044c30d0fa5fc39f7e75223df;SUCCESS;logIndex=2206942446
1;37;soroban;17-test;2026-07-20T16:46:07.154372+00:00;4070.3;10434;5a1d31efb7dd4c6eaae57be039b6c1f365074ead016de60863d112f5b9637c21;SUCCESS;
1;38;classic;18-model;2026-07-20T16:46:11.603068+00:00;4516.8;200;e78298b5b5f27ccde79964c414e1c8305da66bb10b2c9abf18589ba7c2fe409c;SUCCESS;
1;39;control;19-metrics;2026-07-20T16:46:16.360927+00:00;4.4;;offset=2300;SUCCESS;
1;40;rekor;20-config;2026-07-20T16:46:16.365541+00:00;289.0;;108e9186e8c5677aa3e6ebb34fa7a3ba069694a78c55daf52cf1441401b42ebcfbc279af610e605c;SUCCESS;logIndex=2206942855
1;41;classic;01-raw;2026-07-20T16:46:16.654912+00:00;4571.5;200;5045222c79e882952411986c32236f5ec0c9f197e2eece64c642f27bd54f5eaf;SUCCESS;
1;42;soroban;02-clean;2026-07-20T16:46:21.384296+00:00;4869.8;10434;1adbfc262ca7ddb75a59a33a6493a41ad225fbe6d57db70748d7128ddcf4b485;SUCCESS;
1;43;control;03-agg-01;2026-07-20T16:46:26.698505+00:00;3.2;;offset=2530;SUCCESS;
1;44;rekor;03-agg-02;2026-07-20T16:46:26.701893+00:00;489.1;;108e9186e8c5677a81c792498b668a0f84b13a7a9f01d19056e92d0fb5cd04260cfe489530e22d61;SUCCESS;logIndex=2206943367
1;45;classic;03-agg-03;2026-07-20T16:46:27.191378+00:00;4132.7;200;d4edd9147e7ed0195e15462c1e97dde743cf6918006dc298adf71742731152bb;SUCCESS;
1;46;soroban;03-agg-04;2026-07-20T16:46:31.489070+00:00;4572.6;10434;9cf1f1cb34e81312b2822c2e45ec39d893705dd837d647d1f8fb03cc8746f352;SUCCESS;
1;47;control;03-agg-05;2026-07-20T16:46:36.398878+00:00;3.6;;offset=2760;SUCCESS;
1;48;rekor;03-agg-06;2026-07-20T16:46:36.402657+00:00;500.1;;108e9186e8c5677aa639f9535a06c4ed08176a400c314e3ab3c5efe8e9a259acbb710f588dadaebe;SUCCESS;logIndex=2206943963
1;49;control;03-agg-07;2026-07-20T16:46:36.903175+00:00;3.6;;offset=2990;SUCCESS;
1;50;classic;03-agg-08;2026-07-20T16:46:36.906994+00:00;4503.3;200;4e7f8540d9323786b67d805f30ad6c73b29fd5e4218d5e2191fe733f156c0f41;SUCCESS;
1;51;soroban;03-agg-09;2026-07-20T16:46:41.569001+00:00;4848.0;10434;1f07f8a7f5e83482e0846e548c4e969df7493e0322d2402c665acbfe61240a24;SUCCESS;
1;52;rekor;03-agg-10;2026-07-20T16:46:46.747508+00:00;502.5;;108e9186e8c5677a89335ded9a5e30441106abf36a5bec545575a88c784e22302f1f36498016b15f;SUCCESS;logIndex=2206944701
