at_iso;condition;mechanism;artifacts;duration_ms
2026-07-20T16:48:00.755466+00:00;without;-;20;30.5
2026-07-20T16:48:00.783774+00:00;without;-;20;28.2
2026-07-20T16:48:00.814314+00:00;without;-;20;30.4
2026-07-20T16:48:01.376236+00:00;with;control;20;137.2
2026-07-20T16:48:01.459269+00:00;with;control;20;82.7
2026-07-20T16:48:01.539820+00:00;with;control;20;80.1
2026-07-20T16:56:27.408878+00:00;with;rekor;20;9791.5
2026-07-20T16:58:07.658293+00:00;with;classic;20;99800.4
2026-07-20T16:59:48.677950+00:00;with;soroban;20;100593.2
